case,weekly_payout,annual_prize_face_value,expected_value_per_entry,guaranteed_equivalent_reward,final_completion_rate,additional_reviews,additional_info_units,total_uplift_bps,incremental_gross_bookings,incremental_revenue,incremental_ebitda,economic_cost,annual_ai_cost,total_program_cost,net_incremental_ebitda
Full platform base,3000,156000,0.04760649209088177,0.04555053085277039,0.1751839398933993,89591.16984066484,518910.5890211696,0.4327196619170485,3629089.9885997106,409958.60770021175,121074.96140439018,103740.0,1109.6248288163672,104849.62482881636,16225.33657557382
Full platform upside,15000,780000,0.15515923229920467,0.25320983136076247,0.21009509296803974,396715.0410715614,2269140.296330765,2.7230087420644438,22837057.41707187,2579778.482231854,761897.8460296314,386100.00000000006,1330.754016102613,387430.7540161027,374467.09201352875
