Metric,Value
Rated reviews,5999.0
Share with any text,0.7097849641606935
Share under 20 words,0.6794465744290715
Median word count,10.0
Average non-zero structured subratings,3.366561093515586
Average detail index,0.2822599897601981
Moderate-rating share,0.3518919819969995
Quiet-majority share,0.8131355225870979
B2C revenue margin,0.11296457486258003
B2C adjusted EBITDA margin,0.033362347526440676
