scenario,sensitivity,annual_invites,affected_booking_base_share,weekly_payout,annual_prize_face_value,completed_reviews,additional_reviews,final_entries_per_completion,additional_info_units,expected_value_per_entry,guaranteed_equivalent_reward,bps_from_more_reviews,bps_from_better_reviews,total_uplift_bps,incremental_gross_bookings,incremental_revenue,incremental_ebitda,economic_cost,net_incremental_ebitda,layer,targeted_invites,framing
Moderate-rating targeted,Base,1000000,0.1,650,33800,69743.67443226714,11681.497402762216,2.623316040336409,72641.56349410732,0.18474013691364943,0.2180842940067844,0.7951199779787145,0.6607215157820496,1.4558414937607642,1220970.5855723403,137926.4231188948,40734.444995426195,22477.0,18257.444995426195,Pilot,351891.98199699953,Conservative initial launch; same scope as the current base model.
Moderate-rating targeted,Base,10000000,0.6,3000,156000,653719.9900700715,73098.21977502236,2.3469367819685547,431058.1262429757,0.10167904100811073,0.10738542658375085,0.49755483303069936,0.3920749566252559,0.8896297896559553,4476634.89414456,505701.1576320312,149351.0490874418,103740.0,45611.04908744179,Scaled rollout,3518919.819969995,Broader rollout across more verified post-stay touchpoints and review surfaces.
Moderate-rating targeted,Optimistic,25000000,1.0,15000,780000,1848269.4668091845,396715.0410715614,2.719892199437197,2269140.296330765,0.15515923229920467,0.25320983136076247,1.5121707821618111,1.2108379599026329,2.7230087420644438,22837057.41707187,2579778.482231854,761897.8460296314,386100.00000000006,375797.8460296314,Company-wide upside,8797299.549924988,Expedia-wide upside view with broader review-surface impact and stronger review-to-booking conversion assumptions.
