scenario,sensitivity,annual_invites,affected_booking_base_share,weekly_payout,annual_prize_face_value,completed_reviews,additional_reviews,final_entries_per_completion,additional_info_units,expected_value_per_entry,guaranteed_equivalent_reward,bps_from_more_reviews,bps_from_better_reviews,total_uplift_bps,incremental_gross_bookings,incremental_revenue,incremental_ebitda,economic_cost,net_incremental_ebitda
Moderate-rating targeted,Base,1000000,0.1,650,33800,69743.67443226714,11681.497402762216,2.623316040336409,72641.56349410732,0.18474013691364943,0.2180842940067844,0.7951199779787145,0.6607215157820496,1.4558414937607642,1220970.5855723403,137926.4231188948,40734.444995426195,22477.0,18257.444995426195
Moderate-rating targeted,Conservative,1000000,0.06,0,0,58062.17702950493,0.0,1.9,0.0,0.0,0.0,0.0,0.0,0.0,0.0,0.0,0.0,0.0,0.0
Moderate-rating targeted,Optimistic,1000000,0.14,1500,78000,78384.26204871656,20322.085019211627,3.2042369311604233,140843.6109221946,0.3105568457189714,0.5970586285664508,1.936557731442098,1.8788920939586038,3.8154498254007017,4479864.62709633,506066.00304184755,149458.8005605963,38610.0,110848.80056059631
