topic,text_importance,structured_coverage,gap_score
location,0.2052008668111352,0.0001666944490748,0.2051666609656924
service,0.2492082013668944,0.7754625770961827,0.055956567301418
value,0.047507917986331,0.0,0.047507917986331
cleanliness,0.1980330055009168,0.8109684947491248,0.0374344771191931
checkin,0.0353392232038673,0.0,0.0353392232038673
eco,0.0481746957826304,0.3215535922653775,0.0326839492974338
comfort,0.1035172528754792,0.8121353558926487,0.0194472318704225
listing_accuracy,0.003167194532422,0.0,0.003167194532422
