scenario,reward_amount,final_completion_rate,additional_reviews_vs_social_only,economic_cost,cost_per_additional_review,required_repeat_booking_conversion
Universal reward,0.25,0.2099945373291607,9994.537329160725,29399.235226082496,2.9415303838333102,0.2938972226601718
Universal reward,0.5,0.21749180524772177,17491.805247721786,60897.705469362096,3.4814991710071603,0.34784714197624195
Universal reward,1.0,0.22733452922483785,27334.52922483787,127307.3363659092,4.657381706439991,0.46533313268287185
Universal reward,2.0,0.23598964625108784,35989.64625108786,264308.4038012184,7.344012273897499,0.7337625415474881
Moderate-rating targeted,0.25,0.18124215506547076,5715.4841378911005,8928.872563435445,1.5622250623076737,0.15608664438951353
Moderate-rating targeted,0.5,0.19268780829147247,9743.117736839202,18985.482534576357,1.9486044454529503,0.19469098049416556
Moderate-rating targeted,1.0,0.20643716698321166,14581.406818062977,40680.40695463803,2.789882174074209,0.2787455900560897
Moderate-rating targeted,2.0,0.21665544655561303,18177.13746939475,85388.03223876764,4.697551106852625,0.4693465793166656
