segment,share
Moderate rating (3-4),0.3518919819969995
Extreme rating (1-2 or 5),0.6481080180030006
Short or missing text,0.6794465744290715
Quiet-majority candidate,0.8131355225870979
