topic,text_importance,structured_coverage,gap_score
location,0.2052008668111352,0.0001666944490748458,0.20516666096569244
service,0.24920820136689448,0.7754625770961827,0.05595656730141804
value,0.047507917986331055,0.0,0.047507917986331055
cleanliness,0.19803300550091682,0.8109684947491248,0.037434477119193156
checkin,0.03533922320386731,0.0,0.03533922320386731
eco,0.048174695782630436,0.32155359226537755,0.03268394929743388
comfort,0.10351725287547925,0.8121353558926487,0.019447231870422594
listing_accuracy,0.0031671945324220703,0.0,0.0031671945324220703
